{"cameraMode":{"drawMode":0,"name":"Shaded","section":"Shading Mode"},"sceneLighting":true,"audioPlay":false,"sceneViewState":{"showFog":true,"showMaterialUpdate":false,"showSkybox":true,"showFlares":true,"showImageEffects":true,"showParticleSystems":true},"in2DMode":false,"pivot":{"x":0.7449605464935303,"y":2.7146925926208498,"z":0.7830266952514648},"rotation":{"x":-0.016306765377521516,"y":0.24261800944805146,"z":-0.00407773070037365,"w":-0.9699831008911133},"size":23.95612907409668,"orthographic":false}